01;gallo;pablo;haedo 1140;1530656352
02;rick;dario;mozart 123;47484855
03;joaquin;ungs;sinnombre 777;54367578
04;peralta;antonio;anonymous 666;0800317021
05;ramirez;fernando;las rosas 760;1530657789
06;ferreyra;yamil;las heras 531;47484532
07;ripalda;alejandro;mitre 222;876787678
08;altamirnda;luis;ugarte 45;1577885544
09;chemes;omar;las violetas 12;876566434
10;gardey;juan;arias 7654;12910456
11;fruta;marcos;banana 700;0800342424
12;fernandez;cynthia;nose 543;12345678
13;estrada;javier;congreso 1245;12344556
14;garmendia;epifanio;mexico 1588;12657890
15;martinez;antonio;vid 23;1566889021
16;malcenido;mariana;haedo 1140;156789075
17;quito;esteban;en algun lugar 12;0009989076
18;bisso;ignacio;bbdd 7026;1010101010
19;hernandez;maria;misiones 7654;123434567
20;bocha;fabricio;peron 2340;1530657890
